<?xml version="1.0"?>
<!--<!DOCTYPE metadata SYSTEM "http://www.esri.com/metadata/esriprof80.dtd">-->
<metadata xml:lang="en"><Esri><CreaDate>20060222</CreaDate><CreaTime>15345700</CreaTime><SyncOnce>FALSE</SyncOnce><SyncDate>20120815</SyncDate><SyncTime>08005900</SyncTime><ModDate>20120815</ModDate><ModTime>08005900</ModTime><MetaID>{E1BC907F-9777-44C4-8EBF-950FF977CB41}</MetaID><DataProperties><lineage><Process ToolSource="C:\Program Files\ArcGIS\ArcToolbox\Toolboxes\Analysis Tools.tbx\Clip" Date="20120815" Time="080117">Clip wwf_terr_ecos samer "C:\Users\Gabriel\Desktop\GIS\WWF Ecoregions\ecoregions_SA.shp" #</Process></lineage></DataProperties></Esri><idinfo><native Sync="TRUE">Microsoft Windows Vista Version 6.0 (Build 6002) Service Pack 2; ESRI ArcCatalog 9.3.0.1770</native><descript><langdata Sync="TRUE">en</langdata><abstract>This map depicts the 825 terrestrial ecoregions of the globe.  Ecoregions are relatively large units of land containing distinct assemblages of natural communities and species, with boundaries that approximate the original extent of natural communities prior to major land-use change.  This comprehensive, global map provides a useful framework for conducting biogeographical or macroecological research, for identifying areas of outstanding biodiversity and conservation priority, for assessing the representation and gaps in conservation efforts worldwide, and for communicating the global distribution of natural communities on earth. We have based ecoregion delineations on hundreds of previous biogeographical studies, and refined and synthesized existing information in regional workshops over 10 years to assemble the global dataset.  Ecoregions are nested within two higher-order classifications: biomes (14) and biogeographic realms (8).  Together, these nested classification levels provide a framework for comparison among units and the identification of representative habitats and species assemblages.  Ecoregions have increasingly been adopted by research scientists, conservation organizations, and donors as a framework for analyzing biodiversity patterns, assessing conservation priorities, and directing effort and support (Ricketts et al. 1999a; Wikramanayake et al. 2001; Ricketts et al. 1999b; Olson &amp; Dinerstein 1998; Groves et al. 2000; Rosenzweig et al. 2003; and Luck et al. 2003).  More on the approach to ecoregion mapping, the logic and design of the framework, and previous and potential uses are discusses in Olson et al. (2001) and Ricketts et al. (1999a).

Groves, C., L. Valutis, D. Vosick, B. Neely, K. Wheaton, J. Touval, and B. Runnels. 2000. Designing a Geography of Hope: A practitioner's handbook to ecoregional conservation planning. The Nature Conservancy, Arlington, VA.

Luck, G.W., T.H. Ricketts, G.C. Daily, M. Imhoff (2003). Spatial conflict between people and biodiversity. Procedings of the National Academy of Sciences - US. 101(1):182-186.

Olson, D.M., and E. Dinerstein. 1998. The Global 200: a representation approach to conserving the Earth's most biologically valuable ecoregions. Conservation Biology 12:502-515.

Olson, D.M., E. Dinerstein, E.D. Wikramanayake, N.D. Burgess, G.V.N. Powell, E.C. Underwood, J.A. D'Amico, I. Itoua, H.E. Strand, J.C. Morrison, C.J. Loucks, T.F. Allnutt, T.H. Ricketts, Y. Kura, J.F. Lamoreux, W.W. Wettengel, P. Hedao, and K.R. Kassem. 2001.  Terrestrial ecoregions of the world: New map of life on earth. Bioscience 51(11):933-938.

Ricketts, T.H., E. Dinerstein, D.M. Olson, C. Loucks. 1999.  Who's where in North America? Patterns of species richness and the utility of indicator taxa for conservation.  Bioscience 49(5):369-381.

Ricketts, T.H., E. Dinerstein, D.M. Olson, C.J. Loucks, W. Eichbaum, K. Kavanagh, P. Hedao, P. Hurley, K.M. Carney, R. Abell, and S. Walters. 1999.  Ecoregions of North America: A conservation assessment.  Island Press. Washington DC. 485 pp.

Rosenzweig, M.L., W. Turner, J.G. Cox, and T.H. Ricketts. 2003. Estimating diversity in unsampled habitats of a biogeographical province. Conservation Biology 17(3):864-874.

Wikramanayake, E., E. Dinerstein, C. Loucks, D. Olson, J. Morrison, J. Lamoreux, M. McKnight, and P. Hedao. 2001. Terrestrial ecoregions of the Indo-Pacific: a Conservation assessment. Island Press, Washington, DC.</abstract><purpose>biogeography, biodiversity conservation and priority setting.</purpose><supplinf>Delineation of ecoregions: We began by accepting the biogeographic realms of Pielou (1979) and Udvardy (1975) and modifying the biome systems of Dinerstein et al. (1995) and Ricketts et al. (1999). We then consulted existing global maps of floristic or zoogeographic provinces, global and regional maps of units based on the distribution of selected groups of plants and animals, the world's biotic province maps, and global maps of broad vegetation types. These were useful for evaluating the extent of realms and biomes, the first two tiers in our hierarchical classification.  We then identified published regional classification systems to be used as a baseline for ecoregion boundaries. Data and consultations from regional experts were also important for final ecoregion delineations. 

Caveats:  Three caveats are appropriate for all biogeographic mapping approaches. First, no single biogeographic framework is optimal for all taxa. Ecoregions reflect the best compromise for as many taxa as possible. Second, ecoregion boundaries rarely form abrupt edges; rather, ecotones and mosaic habitats bound them. Third, most ecoregions contain habitats that differ from their assigned biome (e.g., for example, rainforest ecoregions in Amazonia often contain small edaphic savannas).  With these caveats in mind, ecoregions can form useful units for biological analysis and for conservation planning and action. 

More information: Please consult citations listed here and with abstract, and references therein, for additional information on these ecoregions and the analyses and assessments for which they are suited.  http://www.worldwildlife.org/ecoregions

Dinerstein E, Olson DM, Graham DJ, Webster A L , Primm SA, Bookbinder M P, Ledec G. 1995 .A Conservation Assessment of the Terrestrial Ecoregions of Latin America and the Caribbean .Washington (DC) :World Bank.

Pielou EC. 1979 . Biogeography. New York: John Wiley and Sons.

Ricketts, T.H., E. Dinerstein, D.M. Olson, C. Loucks. 1999.  Who's where in North America? Patterns of species richness and the utility of indicator taxa for conservation.  Bioscience 49(5):369-381.

Udvardy MDF. 1975 .A classification of the biogeographical provinces of the world Morges (Switzerland): International Union of Conservation of Nature and Natural Resources. IUCN Occasional Paper no. 18.</supplinf></descript><citation><citeinfo><origin>World Wildlife Fund - US</origin><pubdate>2004</pubdate><title>Terrestrial Ecoregions of the World</title><ftname Sync="TRUE">ecoregions_SA</ftname><geoform Sync="TRUE">vector digital data</geoform><edition>Version 2.0</edition><serinfo/><othercit>This is an update to version 1.0 which was completed in 2001.

Citation:
Olson, D.M., E. Dinerstein, E.D. Wikramanayake, N.D. Burgess, G.V.N. Powell, E.C. Underwood, J.A. D'Amico, I. Itoua, H.E. Strand, J.C. Morrison, C.J. Loucks, T.F. Allnutt, T.H. Ricketts, Y. Kura, J.F. Lamoreux, W.W. Wettengel, P. Hedao, and K.R. Kassem. Terrestrial Ecoregions of the World: A New Map of Life on Earth (PDF, 1.1M) BioScience 51:933-938. </othercit><onlink Sync="TRUE">\\GABRIEL-PC\C$\Users\Gabriel\Desktop\GIS\WWF Ecoregions\ecoregions_SA.shp</onlink></citeinfo></citation><timeperd><current>publication date</current><timeinfo><sngdate><caldate>Ecoregions based on historical distribution data</caldate></sngdate></timeinfo></timeperd><status><progress>Complete</progress><update>As needed</update></status><spdom><bounding><westbc Sync="TRUE">-179.999989</westbc><eastbc Sync="TRUE">179.999989</eastbc><northbc Sync="TRUE">83.623125</northbc><southbc Sync="TRUE">-89.891973</southbc></bounding><lboundng><leftbc Sync="TRUE">-179.999989</leftbc><rightbc Sync="TRUE">179.999989</rightbc><bottombc Sync="TRUE">-89.891973</bottombc><topbc Sync="TRUE">83.623125</topbc></lboundng></spdom><keywords><theme><themekt>ecoregions</themekt><themekey>ecoregions</themekey><themekey>World Wildlife Fund</themekey></theme><theme><themekt>WWF</themekt></theme><theme><themekt>World Wildlife Fund</themekt></theme><place><placekey>world</placekey></place></keywords><accconst>This data is available for use for valid scientific, conservation, and educational purposes. </accconst><useconst>Any modification of the original map by users to ecoregion boundaries, units, names, or realm and biome classes must be noted. </useconst><natvform Sync="TRUE">Shapefile</natvform><ptcontac><cntinfo><cntorgp><cntorg>Conservation Science Program - World Wildlife Fund</cntorg><cntper>Nasser Olwero</cntper></cntorgp><cntaddr><addrtype>mailing and physical address</addrtype><address>1250 24th St  NW</address><city>Washington</city><state>DC</state><postal>20037</postal><country>USA</country></cntaddr><cntvoice>202-822-3452</cntvoice><cntpos>GIS Manager</cntpos><cntemail>nasser.olwero@wwfus.org</cntemail></cntinfo></ptcontac><datacred>Olson, D.M., E. Dinerstein, E.D. Wikramanayake, N.D. Burgess, G.V.N. Powell, E.C. Underwood, J.A. D’Amico, H.E. Strand, J.C. Morrison, C.J. Loucks, T.F. Allnutt, J.F. Lamoreux, T.H. Ricketts, I. Itoua, W.W. Wettengel, Y. Kura, P. Hedao, and K. Kassem. 2001. Terrestrial ecoregions of the world: A new map of life on Earth. BioScience 51(11):933-938.</datacred></idinfo><dataIdInfo><envirDesc Sync="TRUE">Microsoft Windows Vista Version 6.0 (Build 6002) Service Pack 2; ESRI ArcCatalog 9.3.0.1770</envirDesc><dataLang><languageCode Sync="TRUE" value="en"></languageCode></dataLang><idCitation><resTitle Sync="TRUE">ecoregions_SA</resTitle><presForm><PresFormCd Sync="TRUE" value="005"></PresFormCd></presForm></idCitation><spatRpType><SpatRepTypCd Sync="TRUE" value="001"></SpatRepTypCd></spatRpType><dataExt><geoEle><GeoBndBox esriExtentType="native"><westBL Sync="TRUE">-179.999989</westBL><eastBL Sync="TRUE">179.999989</eastBL><northBL Sync="TRUE">83.623125</northBL><southBL Sync="TRUE">-89.891973</southBL><exTypeCode Sync="TRUE">1</exTypeCode></GeoBndBox></geoEle></dataExt><geoBox esriExtentType="decdegrees"><westBL Sync="TRUE">-179.999989</westBL><eastBL Sync="TRUE">179.999989</eastBL><northBL Sync="TRUE">83.623125</northBL><southBL Sync="TRUE">-89.891973</southBL><exTypeCode Sync="TRUE">1</exTypeCode></geoBox></dataIdInfo><metainfo><langmeta Sync="TRUE">en</langmeta><metstdn Sync="TRUE">FGDC Content Standards for Digital Geospatial Metadata</metstdn><metstdv Sync="TRUE">FGDC-STD-001-1998</metstdv><mettc Sync="TRUE">local time</mettc><metc><cntinfo><cntorgp><cntper>REQUIRED: The person responsible for the metadata information.</cntper><cntorg>REQUIRED: The organization responsible for the metadata information.</cntorg></cntorgp><cntaddr><addrtype>REQUIRED: The mailing and/or physical address for the organization or individual.</addrtype><city>REQUIRED: The city of the address.</city><state>REQUIRED: The state or province of the address.</state><postal>REQUIRED: The ZIP or other postal code of the address.</postal></cntaddr><cntvoice>REQUIRED: The telephone number by which individuals can speak to the organization or individual.</cntvoice></cntinfo></metc><metd Sync="TRUE">20120815</metd><metextns><onlink Sync="TRUE">http://www.esri.com/metadata/esriprof80.html</onlink><metprof Sync="TRUE">ESRI Metadata Profile</metprof></metextns></metainfo><mdLang><languageCode Sync="TRUE" value="en"></languageCode></mdLang><mdStanName Sync="TRUE">ISO 19115 Geographic Information - Metadata</mdStanName><mdStanVer Sync="TRUE">DIS_ESRI1.0</mdStanVer><mdChar><CharSetCd Sync="TRUE" value="004"></CharSetCd></mdChar><mdHrLv><ScopeCd Sync="TRUE" value="005"></ScopeCd></mdHrLv><mdHrLvName Sync="TRUE">dataset</mdHrLvName><distinfo><resdesc Sync="TRUE">Downloadable Data</resdesc><stdorder><digform><digtinfo><transize Sync="TRUE">0.000</transize><dssize Sync="TRUE">0.000</dssize></digtinfo></digform></stdorder></distinfo><distInfo><distributor><distorTran><onLineSrc><orDesc Sync="TRUE">002</orDesc><linkage Sync="TRUE">file://\\GABRIEL-PC\C$\Users\Gabriel\Desktop\GIS\WWF Ecoregions\ecoregions_SA.shp</linkage><protocol Sync="TRUE">Local Area Network</protocol></onLineSrc><transSize Sync="TRUE">0.000</transSize></distorTran><distorFormat><formatName Sync="TRUE">Shapefile</formatName></distorFormat></distributor></distInfo><spdoinfo><direct Sync="TRUE">Vector</direct><ptvctinf><esriterm Name="ecoregions_SA"><efeatyp Sync="TRUE">Simple</efeatyp><efeageom Sync="TRUE">Polygon</efeageom><esritopo Sync="TRUE">FALSE</esritopo><efeacnt Sync="TRUE">0</efeacnt><spindex Sync="TRUE">FALSE</spindex><linrefer Sync="TRUE">FALSE</linrefer></esriterm><sdtsterm Name="ecoregions_SA"><sdtstype Sync="TRUE">G-polygon</sdtstype><ptvctcnt Sync="TRUE">0</ptvctcnt></sdtsterm></ptvctinf></spdoinfo><spref><horizsys><cordsysn><geogcsn Sync="TRUE">GCS_WGS_1984</geogcsn></cordsysn><geograph><geogunit Sync="TRUE">Decimal degrees</geogunit><latres Sync="TRUE">0.000000</latres><longres Sync="TRUE">0.000000</longres></geograph><geodetic><horizdn Sync="TRUE">D_WGS_1984</horizdn><ellips Sync="TRUE">WGS_1984</ellips><semiaxis Sync="TRUE">6378137.000000</semiaxis><denflat Sync="TRUE">298.257224</denflat></geodetic></horizsys><vertdef><altsys><altenc Sync="TRUE">Explicit elevation coordinate included with horizontal coordinates</altenc><altres Sync="TRUE">0.000010</altres></altsys></vertdef></spref><refSysInfo><RefSystem><refSysID><identCode Sync="TRUE">GCS_WGS_1984</identCode></refSysID></RefSystem></refSysInfo><spatRepInfo><VectSpatRep><topLvl><TopoLevCd Sync="TRUE" value="001"></TopoLevCd></topLvl><geometObjs Name="ecoregions_SA"><geoObjTyp><GeoObjTypCd Sync="TRUE" value="001"></GeoObjTypCd></geoObjTyp><geoObjCnt Sync="TRUE">0</geoObjCnt></geometObjs></VectSpatRep></spatRepInfo><eainfo><detailed Name="ecoregions_SA"><enttyp><enttypl Sync="TRUE">ecoregions_SA</enttypl><enttypt Sync="TRUE">Feature Class</enttypt><enttypc Sync="TRUE">0</enttypc><enttypd>WWF's Terrestrial Ecoregions of the World</enttypd><enttypds>http://www.worldwildlife.org/ecoregions/attributes.htm</enttypds></enttyp><attr><attrlabl Sync="TRUE">OBJECTID</attrlabl><attalias Sync="TRUE">OBJECTID</attalias><attrtype Sync="TRUE">Number</attrtype><attwidth Sync="TRUE">9</attwidth><attrdef Sync="TRUE">Internal feature number.</attrdef><attrdefs Sync="TRUE">ESRI</attrdefs><attrdomv><udom Sync="TRUE">Sequential unique whole numbers that are automatically generated.</udom></attrdomv></attr><attr><attrlabl Sync="TRUE">Shape</attrlabl><attalias Sync="TRUE">Shape</attalias><attrtype Sync="TRUE">Geometry</attrtype><attwidth Sync="TRUE">0</attwidth><atprecis Sync="TRUE">0</atprecis><attscale Sync="TRUE">0</attscale><attrdef Sync="TRUE">Feature geometry.</attrdef><attrdefs Sync="TRUE">ESRI</attrdefs><attrdomv><udom Sync="TRUE">Coordinates defining the features.</udom></attrdomv></attr><attr><attrlabl Sync="TRUE">AREA</attrlabl><attalias Sync="TRUE">AREA</attalias><attrtype Sync="TRUE">Float</attrtype><attwidth Sync="TRUE">19</attwidth><attrdef>Area of each individual polygon in square kilometers.  The attribute area_km2 is a sum of this field for each ecoregion as a whole.</attrdef><atnumdec Sync="TRUE">11</atnumdec></attr><attr><attrlabl Sync="TRUE">PERIMETER</attrlabl><attalias Sync="TRUE">PERIMETER</attalias><attrtype Sync="TRUE">Float</attrtype><attwidth Sync="TRUE">19</attwidth><atnumdec Sync="TRUE">11</atnumdec></attr><attr><attrlabl Sync="TRUE">ECO_NAME</attrlabl><attalias Sync="TRUE">ECO_NAME</attalias><attrtype Sync="TRUE">String</attrtype><attwidth Sync="TRUE">99</attwidth><attrdef>Ecoregion Name</attrdef></attr><attr><attrlabl Sync="TRUE">REALM</attrlabl><attalias Sync="TRUE">REALM</attalias><attrtype Sync="TRUE">String</attrtype><attwidth Sync="TRUE">3</attwidth><attrdef>Biogeographical Realm</attrdef><attrdomv><edom><edomv>AA</edomv><edomvd>Australasia</edomvd></edom><edom><edomv>AN</edomv><edomvd>Antarctic </edomvd></edom><edom><edomv>AT</edomv><edomvd>Afrotropics</edomvd></edom><edom><edomv>IM</edomv><edomvd>IndoMalay</edomvd></edom><edom><edomv>NA</edomv><edomvd>Nearctic</edomvd></edom><edom><edomv>NT</edomv><edomvd>Neotropics</edomvd></edom><edom><edomv>OC</edomv><edomvd>Oceania</edomvd></edom><edom><edomv>PA</edomv><edomvd>Palearctic</edomvd></edom></attrdomv></attr><attr><attrlabl Sync="TRUE">BIOME</attrlabl><attalias Sync="TRUE">BIOME</attalias><attrtype Sync="TRUE">Float</attrtype><attwidth Sync="TRUE">19</attwidth><attrdomv><edom><edomv>1</edomv><edomvd>Tropical &amp; Subtropical Moist Broadleaf Forests</edomvd></edom><edom><edomv>2</edomv><edomvd>Tropical &amp; Subtropical Dry Broadleaf Forests</edomvd></edom><edom><edomv>3</edomv><edomvd>Tropical &amp; Subtropical Coniferous Forests</edomvd></edom><edom><edomv>4</edomv><edomvd>Temperate Broadleaf &amp; Mixed Forests</edomvd></edom><edom><edomv>5</edomv><edomvd>Temperate Conifer Forests</edomvd></edom><edom><edomv>6</edomv><edomvd>Boreal Forests/Taiga</edomvd></edom><edom><edomv>7</edomv><edomvd>Tropical &amp; Subtropical Grasslands, Savannas &amp; Shrublands</edomvd></edom><edom><edomv>8</edomv><edomvd>Temperate Grasslands, Savannas &amp; Shrublands</edomvd></edom><edom><edomv>9</edomv><edomvd>Flooded Grasslands &amp; Savannas</edomvd></edom><edom><edomv>10</edomv><edomvd>Montane Grasslands &amp; Shrublands</edomvd></edom><edom><edomv>11</edomv><edomvd>Tundra</edomvd></edom><edom><edomv>12</edomv><edomvd>Mediterranean Forests, Woodlands &amp; Scrub</edomvd></edom><edom><edomv>13</edomv><edomvd>Deserts &amp; Xeric Shrublands </edomvd></edom><edom><edomv>14</edomv><edomvd>Mangroves</edomvd></edom></attrdomv><attrdef>Biome</attrdef><atnumdec Sync="TRUE">11</atnumdec></attr><attr><attrlabl Sync="TRUE">ECO_NUM</attrlabl><attalias Sync="TRUE">ECO_NUM</attalias><attrtype Sync="TRUE">Float</attrtype><attwidth Sync="TRUE">19</attwidth><attrdef>A unique number for each ecoregion within each biome nested within each realm.</attrdef><atnumdec Sync="TRUE">11</atnumdec></attr><attr><attrlabl Sync="TRUE">ECO_ID</attrlabl><attalias Sync="TRUE">ECO_ID</attalias><attrtype Sync="TRUE">Float</attrtype><attwidth Sync="TRUE">19</attwidth><attrdef>This number is created by combining REALM, BIOME, and ECO_NUM, thus creating a unique numeric ID for each ecoregion.</attrdef><atnumdec Sync="TRUE">11</atnumdec></attr><attr><attrlabl Sync="TRUE">ECO_SYM</attrlabl><attalias Sync="TRUE">ECO_SYM</attalias><attrtype Sync="TRUE">Float</attrtype><attwidth Sync="TRUE">19</attwidth><attrdef>Ecoregion Symbol - Used to display the map in ArcInfo</attrdef><atnumdec Sync="TRUE">11</atnumdec></attr><attr><attrlabl Sync="TRUE">eco_code</attrlabl><attalias Sync="TRUE">eco_code</attalias><attrtype Sync="TRUE">String</attrtype><attwidth Sync="TRUE">50</attwidth><attrdef>This is an alphanumeric code that is similar to eco_ID but a little easier to interpret.  The first 2 characters (letters) are the realm the ecoregion is in.  The 2nd 2 characters are the biome and the last 2 characters are the ecoregion number.</attrdef></attr><attr><attrlabl Sync="TRUE">GBL_STAT</attrlabl><attalias Sync="TRUE">GBL_STAT</attalias><attrtype Sync="TRUE">Float</attrtype><attwidth Sync="TRUE">19</attwidth><attrdef>Global Status</attrdef><attrdefs>A 30-year prediction of future conservation status given current conservation status and trajectories.</attrdefs><attrdomv><edom><edomv>1</edomv><edomvd>CRITICAL OR ENDANGERED</edomvd></edom><edom><edomv>2</edomv><edomvd>VULNERABLE</edomvd></edom><edom><edomv>3</edomv><edomvd>RELATIVELY STABLE OR INTACT</edomvd></edom></attrdomv><atnumdec Sync="TRUE">11</atnumdec></attr><attr><attrlabl Sync="TRUE">G200_NUM</attrlabl><attalias Sync="TRUE">G200_NUM</attalias><attrtype Sync="TRUE">Float</attrtype><attwidth Sync="TRUE">19</attwidth><attrdef>Global 200 Number</attrdef><atnumdec Sync="TRUE">11</atnumdec></attr><attr><attrlabl Sync="TRUE">G200_BIOME</attrlabl><attalias Sync="TRUE">G200_BIOME</attalias><attrtype Sync="TRUE">Float</attrtype><attwidth Sync="TRUE">19</attwidth><attrdef>Global 200 Biome - The biome of the Global 200 region that the ecoregion is a component of. Occasionally a Global 200 region is made up of ecoregions of different biomes. In this case, for a particular ecoregion, the G200_BIOME may be different from the original biome. For a description of each Global 200 biome (1-14), see BIOME.</attrdef><atnumdec Sync="TRUE">11</atnumdec></attr><attr><attrlabl Sync="TRUE">FID</attrlabl><attalias Sync="TRUE">FID</attalias><attrtype Sync="TRUE">OID</attrtype><attwidth Sync="TRUE">4</attwidth><attrdef Sync="TRUE">Internal feature number.</attrdef><attrdefs Sync="TRUE">ESRI</attrdefs><attrdomv><udom Sync="TRUE">Sequential unique whole numbers that are automatically generated.</udom></attrdomv><atprecis Sync="TRUE">0</atprecis><attscale Sync="TRUE">0</attscale></attr><attr><attrlabl Sync="TRUE">G200_STAT</attrlabl><attalias Sync="TRUE">G200_STAT</attalias><attrtype Sync="TRUE">Float</attrtype><attwidth Sync="TRUE">19</attwidth><attrdef>Global 200 Conservation status</attrdef><attrdomv><edom><edomv>1</edomv><edomvd>CRITICAL OR ENDANGERED</edomvd></edom><edom><edomv>2</edomv><edomvd>VULNERABLE</edomvd></edom><edom><edomv>3</edomv><edomvd>RELATIVELY STABLE OR INTACT</edomvd></edom></attrdomv><atnumdec Sync="TRUE">11</atnumdec></attr><attr><attrlabl Sync="TRUE">Shape_Area</attrlabl><attalias Sync="TRUE">Shape_Area</attalias><attrtype Sync="TRUE">Float</attrtype><attwidth Sync="TRUE">19</attwidth><attrdef Sync="TRUE">Area of feature in internal units squared.</attrdef><attrdefs Sync="TRUE">ESRI</attrdefs><attrdomv><udom Sync="TRUE">Positive real numbers that are automatically generated.</udom></attrdomv><atnumdec Sync="TRUE">11</atnumdec></attr><attr><attrlabl Sync="TRUE">area_km2</attrlabl><attalias Sync="TRUE">area_km2</attalias><attrtype Sync="TRUE">Number</attrtype><attwidth Sync="TRUE">9</attwidth><attrdef>Area of the Ecoregion (km2)</attrdef></attr><attr><attrlabl Sync="TRUE">G200_REGIO</attrlabl><attalias Sync="TRUE">G200_REGIO</attalias><attrtype Sync="TRUE">String</attrtype><attwidth Sync="TRUE">99</attwidth><attrdef>Global 200 Name</attrdef></attr><attr><attrlabl Sync="TRUE">Shape_Leng</attrlabl><attalias Sync="TRUE">Shape_Leng</attalias><attrtype Sync="TRUE">Float</attrtype><attwidth Sync="TRUE">19</attwidth><atnumdec Sync="TRUE">11</atnumdec></attr></detailed></eainfo><mdDateSt Sync="TRUE">20120815</mdDateSt><dataqual><lineage><procstep><procdesc Sync="TRUE">Dataset copied.</procdesc><srcused Sync="TRUE">\\sasquatch\data\ecoregions\version_2\WWF_terr_eco.mdb</srcused><date Sync="TRUE">20050602</date><time Sync="TRUE">17491200</time></procstep><procstep><procdesc Sync="TRUE">Dataset copied.</procdesc><srcused Sync="TRUE">H:\ecoregions\version_2\wwf_terr_ecos</srcused><date Sync="TRUE">20060222</date><time Sync="TRUE">15345700</time></procstep></lineage></dataqual></metadata>
